{"crs": {"type": "name", "properties": {"name": "urn:ogc:def:crs:EPSG:4326"}}, "ac-tx": {"default": {"crs": "wsg84", "scale": 136.15615096019587, "xoffset": 0, "yoffset": 0}}, "arcs": [[[2954, 2507], [227, -193]], [[3181, 2314], [-265, -643], [-644, 33], [-76, -836], [455, 0], [-38, -836]], [[2613, 32], [-1780, 32], [113, 2508]], [[946, 2572], [2008, -65]], [[3181, 2314], [682, -160], [1325, 32]], [[5188, 2186], [0, -643], [-227, -483], [-303, -64], [-38, -675], [417, -321], [-2424, 32]], [[3333, 5401], [37, -161], [2993, -675]], [[6363, 4565], [-341, -161], [-682, -996], [-76, -611], [114, -258], [-190, -353]], [[2954, 2507], [189, 322], [341, -97], [189, 515], [-340, 96], [454, 836], [-606, 129], [189, 386], [-454, 160], [-455, -64]], [[2461, 4790], [38, 225], [834, 386]], [[946, 2572], [38, 964], [-303, 386], [-644, 32], [341, 515]], [[378, 4469], [834, 64], [-76, 321], [985, 32], [340, -96]], [[1060, 8712], [0, -321], [-341, -289], [-341, -65]], [[378, 8037], [-113, 225], [265, 804], [-227, 193], [227, 354], [-38, 353], [757, 33]], [[1249, 9999], [-227, -290], [227, -193], [-340, -611], [151, -193]], [[1249, 9999], [2879, 0], [417, -33]], [[4545, 9966], [113, -771], [-227, -225]], [[4431, 8970], [-871, 32], [-909, -675]], [[2651, 8327], [-606, 64], [-985, 321]], [[2651, 8327], [492, -354], [114, -450]], [[3257, 7523], [-530, -740], [-228, -514]], [[2499, 6269], [-113, 579], [-1743, -129]], [[643, 6719], [-113, 482], [189, 450], [-341, 386]], [[2499, 6269], [190, -386], [909, -193]], [[3598, 5690], [-265, -289]], [[378, 4469], [-38, 546], [-340, 740], [227, 643], [416, 321]], [[3257, 7523], [795, -225], [265, 353], [568, -225], [303, 354]], [[5188, 7780], [1061, -354], [-720, -964]], [[5529, 6462], [-416, -354], [-720, 161], [-492, -643], [-303, 64]], [[4431, 8970], [833, -258], [-341, -385], [568, -225]], [[5491, 8102], [-303, -322]], [[4545, 9966], [3408, 0]], [[7953, 9966], [-189, -450], [303, -128], [-341, -450]], [[7726, 8938], [-379, -322], [-530, 225], [-757, -900], [-569, 161]], [[7726, 8938], [530, -258], [-378, -289], [340, -161], [-340, -289], [265, -225], [-379, -225], [492, -418]], [[8256, 7073], [-757, -32], [-417, -258], [114, -546]], [[7196, 6237], [-644, 161], [-1023, 64]], [[7196, 6237], [38, -322], [-417, -386], [-454, -964]], [[7953, 9966], [1856, -64], [190, -354], [-228, -193], [-416, -610], [416, -611], [-303, -450], [-568, -322], [-416, -64], [-228, -225]]], "transform": {"translate": [-9999, 5818], "scale": [0.026402640264026403, 0.0311031103110311]}, "objects": {"features": {"type": "GeometryCollection", "geometries": [{"type": "Polygon", "properties": {"name": "Bennington County", "stateAbbrev": "VT", "state": "Vermont", "fips": "003", "incits": "50003", "id": "US.VT.003", "population": 36659}, "arcs": [[0, 1, 2, 3]]}, {"type": "Polygon", "properties": {"name": "Windham County", "stateAbbrev": "VT", "state": "Vermont", "fips": "025", "incits": "50025", "id": "US.VT.025", "population": 43857}, "arcs": [[4, 5, -2]]}, {"type": "Polygon", "properties": {"name": "Windsor County", "stateAbbrev": "VT", "state": "Vermont", "fips": "027", "incits": "50027", "id": "US.VT.027", "population": 56067}, "arcs": [[6, 7, -5, -1, 8, 9]]}, {"type": "Polygon", "properties": {"name": "Rutland County", "stateAbbrev": "VT", "state": "Vermont", "fips": "021", "incits": "50021", "id": "US.VT.021", "population": 60622}, "arcs": [[-9, -4, 10, 11]]}, {"type": "Polygon", "properties": {"name": "Grand Isle County", "stateAbbrev": "VT", "state": "Vermont", "fips": "013", "incits": "50013", "id": "US.VT.013", "population": 6987}, "arcs": [[12, 13, 14]]}, {"type": "Polygon", "properties": {"name": "Franklin County", "stateAbbrev": "VT", "state": "Vermont", "fips": "011", "incits": "50011", "id": "US.VT.011", "population": 48294}, "arcs": [[15, 16, 17, 18, -15]]}, {"type": "Polygon", "properties": {"name": "Chittenden County", "stateAbbrev": "VT", "state": "Vermont", "fips": "007", "incits": "50007", "id": "US.VT.007", "population": 159515}, "arcs": [[-19, 19, 20, 21, 22, -13]]}, {"type": "Polygon", "properties": {"name": "Addison County", "stateAbbrev": "VT", "state": "Vermont", "fips": "001", "incits": "50001", "id": "US.VT.001", "population": 36791}, "arcs": [[23, 24, -10, -12, 25, -22]]}, {"type": "Polygon", "properties": {"name": "Washington County", "stateAbbrev": "VT", "state": "Vermont", "fips": "023", "incits": "50023", "id": "US.VT.023", "population": 59319}, "arcs": [[-21, 26, 27, 28, -24]]}, {"type": "Polygon", "properties": {"name": "Lamoille County", "stateAbbrev": "VT", "state": "Vermont", "fips": "015", "incits": "50015", "id": "US.VT.015", "population": 25067}, "arcs": [[29, 30, -27, -20, -18]]}, {"type": "Polygon", "properties": {"name": "Orleans County", "stateAbbrev": "VT", "state": "Vermont", "fips": "019", "incits": "50019", "id": "US.VT.019", "population": 27169}, "arcs": [[-17, 31, 32, 33, -30]]}, {"type": "Polygon", "properties": {"name": "Caledonia County", "stateAbbrev": "VT", "state": "Vermont", "fips": "005", "incits": "50005", "id": "US.VT.005", "population": 31157}, "arcs": [[-34, 34, 35, 36, -28, -31]]}, {"type": "Polygon", "properties": {"name": "Orange County", "stateAbbrev": "VT", "state": "Vermont", "fips": "017", "incits": "50017", "id": "US.VT.017", "population": 28915}, "arcs": [[-29, -37, 37, -7, -25]]}, {"type": "Polygon", "properties": {"name": "Essex County", "stateAbbrev": "VT", "state": "Vermont", "fips": "009", "incits": "50009", "id": "US.VT.009", "population": 6211}, "arcs": [[38, -35, -33]]}]}}, "bbox": [-9999, 5818, -9735, 6129], "type": "Topology"}